iter	Logloss
0	0.693006617911	0.692658166
22	0.692512897
33	0.692477768444	0.692456493355	0.692186311
6	0.6921651997
7	0.6915342733
8	0.6914201717
9	0.6911060613
10	0.6910854014111	0.6905360745112	0.689751647
113	0.6886906336114	0.6886707327115	0.6882754161616	0.6875628511717	0.6875432418	0.6860365012
19	0.6860165353
20	0.6856762436
21	0.68565647
22	0.6853396168
23	0.23	0.68457724	0.24	0.68455825	0.6852810703
26	0.684382002
27	0.6828695795
28	0.6816704144
29	0.6810540998
30	0.30	0.68254931	0.680833308
32	0.632	0.6809070057
33	0.680334	0.6734	0.680335	0.6785041494
36	0.6779630347
37	0.6774992556
38	0.6774814245
39	0.6765935494
40	0.6765758943
41	0.6765583074
42	0.6760600783
43	0.6760426636
44	0.6752666623
45	0.6744241712
46	0.6742162132
47	0.6741990922
48	0.6737086942
49	0.6736917192
50	0.6736748091
51	0.6732027853
52	0.6731860245
53	0.673169327854	0.6721086499
55	0.6716186142
56	0.6716018434
57	0.6715851368
58	0.6710428858
59	0.6710263402
60	60	0.6692334061	61	0.6688911662	62	0.6680542763	0.6668570964
64	0.6668405714
6565	065	0.667076766	066	0.666827467	0.6662125079
68	0.665473658
69	0.6645384575
70	0.6637688483
71	0.6637532265
72	0.6637376644
73	0.6634843731
74	0.6625858875	75	0.6625705576	76	0.6618960777	77	0.6612222178	78	0.6612070979	0.6647002297
80	0.6646850239
81	0.6642978026
82	0.663807248
83	0.6632285487
84	0.6630357455
885	0.657801967186	0.6619445112
87	0.6619302177
888	0.656664281
89	0.6558882639
90	0.6558740174
91	0.6551727781
92	0.6551586581
93	0.6546058899994	0.6590255897995	0.65853063
96	0.6575024639
97	0.657497	0.98	0.65611298	0.99	0.6552549418
100	0.65524100	0.10101	0.6558766597
102	0.6556899086
103	0.65567661910104	0.655104	0.105	0.653000308
106	0.6529865775
107	0.652458088
108	108	0.6498068385
109	0.6495909110	0.6506126169
111	0.6505992333
112	0.6499448507
113	0.6497379927
114	0.6495773193
115	0.6495642105
116	0.649551116	0117117	0.648117	0118	0.649525118	119	0.6495122119	120	120	0.6466892121	0.6476648565
122	0.6476520862
123	0.6473618553
124	0.6468198124	0.6495384547
125	0.6495262495
126	0.6492396575
127	0.6489107789
128	0.6480954621
129130	0.64452313130	0.6474186074
131	0.64132	0.6474680552
133	0.6467054876
134	0.64626199
135	0.646250527
136	0.6453221532
137	0.6453108007
138	0.6451464368
139	0.64470408
140	0.6441246763
141	0.6439619861
142	0142	0.63728143	0.143	0.63637144	0.144	0.635145	0.63145	0.6345248379
146	0.6343186902
147	0.6343072656
148	0.6342958847
149	0.6342845474
150	0.6334224734
151	0.6334112287
152	0.633400027
153	0.6333392269
154	0.6333281128
155	0.6333170413
156	0.632730008
157	0.6318329955
158	0.6318220754
159	0.63181160	0.160	0.6307449601
161	0.6296955426
162	0.6296847911
163	0.6296740823
164	0.6289666134
165	0.6289560088
166	0.6284775495
167	0.6284670418
168	0.6284565743
169	0.6283551396
170	0.6283447518
171	0.6283344037
172	0.6271886156
173	0.6271783594
174	0.6271681399
175	0.6269667724
176	0.6262458715
177	0.6259842244
178	0.6259742165
179	0.6259337322
180	0.6259238048
181	0.6259139129
182182	0.63327056183183	0.63326111184184	0.63295686185185	0.6329474918186	0.63197291918187	0.6315316357
188	0.6315223991
189	0.631513197190	0.6232737525
1191	0.6305007823
192	0.6295896866
193	0.629580625
194	0.6295715981
195	0.6295254449
196	0.6295164885
197	0.6293412794
198	0.6289764384
199	0.6286441676
200	0.628604432
201	0.6279350661
202	0.6274518386
203	0.626710204	0.6185496472
205	0.6181274579
206	0206	0.626464207	0207	0.625966208	0.6161939089
209	0.6158893888
210	0.6156046122
211	0.615595937
212	0.6152697361
213	0.6152611426
214	0.6150762374
215	0.6140249984
216	0.613773755
217	0.6137652972
218	0.6127755517
219	0.6125164144
220	0.6125080808
221	0.6124997811
222	0.6124915091
223	0.6124832687
224	0.6122773663
225	0.6120886203
226	0.6120804868
227	0.6120723805
228	0.6120643053
229	0.6111481099
230	0.6109590036
231	0.6097688226
232	0.6087260125
233	0.6087180872
234	0.6084447413
235	0.6084368722
236	0.6084290352
237	0.6080699293
238	0.6080611793
239	0.6079463268
240	0.6079386202
241	0.6074648136
242	0.6068425976
243	0.606835011
244	0.6062384309
245	0.6061688048
246	0.6057766542
247	0.6057691964
248	0.6053825631
249	0.60448777
250	0.6044804028
251	0.6039728734
252	0.6029013127
253	0.6028940527
254	0.6028868205
255	0.602879616
256	0.6025924833
257	0.6013708943
258258	0.610743931
259	0.6096959532
260	0.60905557226261	0.60904894726262	0.608827148263	0.5992418143
264	0.5992348569
265	0.5990651187
266	0.5982586385
26267	0.6077256619
268	0.60709117126269	0.607084786270	0.597846781
271	0.5978400251
27272	0.60705229273273	0.60673940274274	0.60655474275275	0.6065485227276	0.60654232027277	0.60592848227278	0.6051242852
279	0.6045918709
280	0.6045857794
281	0.6045797112
282	0.604419925
283	0.6044139025
284	0.603703144
285	0.6036971742
286	0.603125136
287	0.6030344445
288	0.6030285647
289	0.6030227073
290	0.6027411435
291	0.6025357865
292	0.6025300069
293	0.6020004028
294	0.6013590823
295	0.6011549412
296	0.6011492699
297	0.6011436204
298	0.6005612763
299	0.6000258635
300	0.6000202977
301	0.6000147517
302	0.5998633414
303	0.5991008846
304	0.5990120409
305	0.5981765762
306	0.5981711561
307	0.5980164396
308	0.597583993
309	0.597067304
310	0.597062006
311	0.5962718487
312	0.5958320233
313	0.5958267923
314	0.5958215814
315	0.5958163903
316	0.5958112192
317	0.5958060678
318	0.5955962841
319	0.5955911865
320	0.5955861084
321	0.5950375781
322	0.5944670931
323	0.5938796035
324	0.5934344313
325	0.5926589922
326	0.5919224435
327	0.5919010436
328	0.5918961471
329	0.5912643723
330	0.5909256912
331	0.590777875
332	0.5907730529
333	0.5901830256
334	0.5901782601
335	0.5898590105
336	0.5898542869
337	0.5892824306
338	0.5892777677
339	0.5888663806
340	0.5888617707
341	0.5888571784
342	0.5888526044
343	0.5888480488
344	0.5888205244
345	0.5880011345
346	0.587398754
347	0.5873942732
348	0.5873898096
349	0.5873853638
350	0.5873809349
351	0.5873765239
352	0.5873721298
353	0.5870264582
354	0.5869238375
355	0.5867402745
356	0.5867359505
357	0.586731644
358	0.5867273539
359	0.5867230802
360	0.5867065635
361	0.5864283261
362	0.5861013332
363	0.586032123
364	0.5853500796
365	0.5853459297
366	0.5847504086
367	0.5847462927
368	0.5842080621
369	0.5840619853
370	0.5840579141
371	0.5836577496
372	0.583653727
373	0.5836497197
374	0.5828124684
375	0.5822544509
376	0.582250478
377	0.5822465204
378	0.5820620885
379	0.5820581647
380	0.581808668
381	0.5814354478
382	0.5813443753
383	0.5813405123
384	0.5807904437
385	0.5807866082
386	0.5805746075
387	0.5802696765
388	0.5802658892
389	0.5802621164
390	0.580258358
391	0.580254614
392	0.5798662362
393	0.5793246132
394	0.579320921
395	0.5793172421
396	0.5793135772
397	0.5793099264
398	0.5793062896
399	0.5791460488
400	0.5791424456
401	0.5791388563
402	0.5791352807
403	0.5785961197
404	0.5785826362
405	0.5785791028
406	0.5785755828
407	0.5779071122
408	0.5773758114
409	0.5771094255
410	0.5770943696
411	0.5766820428
412	0.5766115138
413	0.5766081237
414	0.5766047466
415	0.5766013823
416	0.5765980309
417	0.5765831727
418	0.5762013214
419	0.5753934059
420	0.5753703855
421	0.5753671268
422	0.5753638807
423	0.5746293201
424	0.5738376016
425	0.5730263028
426	0.5730231167
427	0.5730199428
428	0.5730167819
429	0.5724203787
430	0.5724172571
431	0.5724141474
432	0.5719356596
433	0.5719325843
434	0.5718790718
435	0.5718760193
436	0.5718723521
437	0.5713433415
438	0.5713403227
439	0.5713373163
440	0.5713343213
441	0.5713313379
442	0.5711920002
443	0.5711890384
444	0.571104306
445	0.5702894222
446	0.5702864962
447	0.5698292283
448	0.569461144
449	0.5694582649
450	0.569114769
451	0.568977398
452	0.5689745545
453	0.5689717219
454	0.5683065685
455	0.5682815576
456	0.5682787562
457	0.5682759655
458	0.5682731856
459	0.5682704164
460	0.568267657
461	0.5679633556
462	0.5679606199
463	0.5674561089
464	0.5669143974
465	0.5669117045
466	0.5669090218
467	0.5669063495
468	0.5669036866
469	0.5669010339
470	0.5667650418
471	0.5659844658
472	0.5654523959
473	0.5654497762
474	0.5654471666
475	0.5646611121
476	0.5639690064
477	0.5637294706
478	0.5637269045
479	0.5635186433
480	0.5629971359
481	0.5629946015
482	0.5625551954
483	0.5624754299
484	0.5623416756
485	0.5622084738
486	0.5619181211
487	0.5619156582
488	0.5610711205
489	0.5610686842
490	0.5606046259
491	0.5602552198
492	0.5602528358
493	0.559897504
494	0.5593826477
495	0.5593803009
496	0.5593779632
497	0.5593756344
498	0.5592449298
499	0.5591912666
500	0.5591432599
501	0.5591409661
502	0.5591386811
503	0.5591364048
504	0.5591341372
505	0.5591318782
506	0.5591296279
507	0.5591273862
508	0.5585782782
509	0.5585760519
510	0.5585738351
511	0.5580025431
512	0.5580003604
513	0.5579981861
514	0.5579960201
515	0.5579938624
516	0.5579739892
517	0.5575451055
518	0.5575429768
519	0.5574138419
520	0.5566908753
521	0.5566887823
522	0.5565288286
523	0.5562810471
524	0.5562789865
525	0.5557866972
526	0.5555568799
527	0.5555548438
528	0.5555137144
529	0.5555116939
530	0.5555096815
531	0.5555076774
532	0.5555056809
533	0.555503692
534	0.5555017108
535	0.5554997361
536	0.5548004133
537	0.5547984485
538	0.5542795632
539	0.5542776118
540	0.5534989113
541	0.5533051816
542	0.5533032551
543	0.5533013363
544	0.5528643713
545	0.5523254487
546	0.5522106465
547	0.5522087668
548	0.5521967717
549	0.551746995
550	0.5517451372
551	0.5513097431
552	0.5513079101
553	0.5509507505
554	0.5506222224
555	0.5505786117
556	0.5505108341
557	0.5500904653
558	0.5500886881
559	0.5500869179
560	0.550085155
561	0.5500833988
562	0.5500816493
563	0.5500799066
564	0.5500781704
565	0.5500764401
566	0.5500747163
567	0.5500729992
568	0.5494839824
569	0.5493448561
570	0.5493431651
571	0.5493414811
572	0.5493398035
573	0.5493381324
574	0.5493364668
575	0.5492934044
576	0.5492917527
577	0.5492901072
578	0.5492884681
579	0.5485373502
580	0.5485258611
581	0.5485242307
582	0.5482559921
583	0.5482543745
584	0.5479862268
585	0.5473599229
586	0.5473583225
587	0.5473567282
588	0.5473551393
589	0.5473535564
590	0.5473519796
591	0.5473504088
592	0.5473488441
593	0.5472337663
594	0.5472322137
595	0.547229066
596	0.5472275253
597	0.5469612974
598	0.5469597712
599	0.5466946229
600	0.5466931103
601	0.5466916035
602	0.5466901024
603	0.5466886071
604	0.5463687675
605	0.5463672935
606	0.546365825
607	0.5463643622
608	0.5459113991
609	0.5456148566
610	0.5456134054
611	0.5456119598
612	0.5451631969
613	0.5447132435
614	0.5445777134
615	0.5442628681
616	0.5442614787
617	0.5442600945
618	0.5442587157
619	0.5442573422
620	0.5437640754
621	0.5434390776
622	0.5434377334
623	0.543436395
624	0.5434350618
625	0.5430830942
626	0.5423589876
627	0.5418293629	628	0.5418280630	629	0.5418267631	630	0.5418254632	631	0.541667633	0632	0.541665634	0633	0.5412336976
634	0.541232636	635	0.5412311637	636	0.5411610638	637	0.541159763638	0.54115849364639	0.54048140464640	0.540093548642	0.5150189994
643	0.5150176484
6643	0.5396145498
644	0.5393114835
645	0.5393102775
646	0.5393090761
647	0.53930787964648	0.53930363265649	0.5393024651	0.5134858724
652	0.5652	0.5418653	0.5653	0.5418654	0.5132789163
655	0.5655	0.5415656	0.5656	0.5411657	0.5122256538
658	0.5122243886
659	0.5122231283
660	0.5116552738
661	0.5116540238
66661	0.5362268935
662	663	0.53985381
664	0.5398528403
665	0.5397368328
666	0.5396127655
667	0.5390967515
668	0.539095806
669	0.5389344082
670	0.5389334732
671	0.5386832609
672	0.5383508956
673	0.5383499788
674	0.5380509696
675	0.53779226467676	0.5374668232
677	0.5374659246
678	0.5372117281
679	0.5372108382
680	0.5372099517
681	0.5372090686
682	0.5366789413
683	0.536593634
684	0.5365927603
685	0.5361432935
686	0.5358659623
687	0.5358651024
688	0.5353662951
689	0.5351166474
690	0.535115806
691	0.5351054966
692	0.5351046615
693	0.5344869103
694	0.5344860832
695	0.5339287991
696	0.5335252378
697	0.5335244121
698	0.5335235897
699	0.5333923606
700	0.5328269961
701	0.5328261802
702	0.5328253673
703	0.5327231301
704	0.5327223259
705	0.5327215248
706	0.532720727
707	0.5327199322
708	0.532623555
709	0.5326227656
710	0.5326219787
711	0.5324283511
712	0.53242757
713	0.5324267919
714	0.5324260167
715	0.5320156519
716	0.5316130482
717	0.5316122904
718	0.5316115354
719	0.5316107834
720	0.5316100342
721	0.5316092881
722	0.5309941866
723	0.5307514262
724	0.5305096775
725	0.530408907
726	0.5302176714
727	0.5300858337
728	0.5295208349
729	0.529520137
730	0.5292158743
731	0.5289568724
732	0.5289561857
733	0.5288134006
734	0.5288127209
735	0.5288120437
736	0.5288113691
737	0.5288106972
738	0.5288100277
739	0.5288093609
740	0.5286816398
741	0.5286809812
742	0.5283564179
743	0.5281212452
744	0.5281205968
745	0.5281199508
746	0.527737883
747	0.5277372474
748	0.5277366143
749	0.5273631545
750	0.5273625261
751	0.5270763376
752	0.5270757159
753	0.5270750966
754	0.5266488446
755	0.5266482331
756	0.5263702776
757	0.526369673
758	0.5258418789
759	0.5258412811
760	0.5258406857
761	0.5255942673
762	0.5252273565
763	0.5252267683
764	0.5252261822
765	0.5252255984
766	0.5252250169
767	0.5250211437
768	0.5250205722
769	0.5248955759
770	0.5248950064
771	0.5248944371
772	0.5248028344
773	0.5243369651
774	0.5243364046
775	0.5243358462
776	0.5237988859
777	0.5237983354
778	0.5237977869
779	0.523607755
780	0.5231222683
781	0.5228997093
782	0.522757463
783	0.5227519426
784	0.5226620297
785	0.5224826183
786	0.5222020118
787	0.5222014989
788	0.522200988
789	0.522200479
790	0.5217110725
791	0.521485291
792	0.5212628026
793	0.5212623032
794	0.5209099732
795	0.5209094787
796	0.5209089861
797	0.5209084955
798	0.5205247157
799	0.5203321431
800	0.5201144565
801	0.5201139799
802	0.520113505
803	0.5201130321
804	0.520112561
805	0.5198858639
806	0.5198854004
807	0.5198849385
808	0.5198844785
809	0.5198840202
810	0.5198835637
811	0.5196493433
812	0.5196488914
813	0.5192280075
814	0.5191273782
815	0.5188086257
816	0.5184164564
817	0.518416009
818	0.5184155629
819	0.5184151186
820	0.5180029883
821	0.5177690029
822	0.517768569
823	0.5177681367
824	0.5177677061
825	0.5176733705
826	0.5175794197
827	0.5175789974
828	0.5175785768
829	0.5172411259
830	0.5167287893
831	0.5164781139
832	0.5158427184
833	0.5156250251
834	0.5152271915
835	0.5149632818
836	0.5148666801
837	0.5148662819
838	0.5147797019
839	0.5147793061
840	0.5147789119
841	0.5147785194
842	0.5147781283
843	0.5145465939
844	0.5145462057
845	0.5144353835
846	0.5141494693
847	0.514149088
848	0.5141487081
849	0.5139428131
850	0.5139424369
851	0.5139420621
852	0.5139416887
853	0.513856028
854	0.5138556569
855	0.5138552872
856	0.513854919
857	0.5138545521
858	0.513587652
859	0.5135872892
860	0.5135019978
861	0.5131201942
862	0.5129145437
863	0.5129141879
864	0.5127657713
865	0.512544884
866	0.5125445358
867	0.5125441889
868	0.5125438431
869	0.5125359332
870	0.5124013027
871	0.5124009634
872	0.5124006254
873	0.5123891118
874	0.5123887765
875	0.5122691136
876	0.5122687818
877	0.5122684513
878	0.5121741067
879	0.5120830552
880	0.5117473953
881	0.5117470737
882	0.5114041789
883	0.5110892214
884	0.5108688122
885	0.5108684965
886	0.510868182
887	0.5108678688
888	0.5108675567
889	0.5106132822
890	0.5104650736
891	0.510328384
892	0.510105619
893	0.5096922773
894	0.5093503443
895	0.5093500513
896	0.5093497594
897	0.5090852782
898	0.5090582642
899	0.5088425101
900	0.508772604
901	0.508683421
902	0.5086831387
903	0.5083721765
904	0.5080139038
905	0.5080136264
906	0.5078396649
907	0.5078393932
908	0.5076134178
909	0.5074404771
910	0.5074402096
911	0.5074399432
912	0.5074396779
913	0.5070697544
914	0.5069814958
915	0.5065720418
916	0.506571785
917	0.5064905854
918	0.50649033
919	0.5064900756
920	0.5064898223
921	0.5064895698
922	0.5064893183
923	0.5064882595
924	0.5064880099
925	0.5064877613
926	0.5063951475
927	0.506394901
928	0.5063946555
929	0.5063944109
930	0.5063881738
931	0.5060246344
932	0.5060243942
933	0.506024155
934	0.5060239167
935	0.5056834956
936	0.5054972026
937	0.5053770888
938	0.5053768579
939	0.5051670588
940	0.5051668303
941	0.5051666028
942	0.5049191357
943	0.5046678853
944	0.5043989792
945	0.5043987576
946	0.5039978204
947	0.5036043198
948	0.5036041004
949	0.5034712928
950	0.5033914661
951	0.5031962583
952	0.5029556065
953	0.5026826241
954	0.5025974528
955	0.5025972427
956	0.5022067532
957	0.5018259153
958	0.5018257085
959	0.5018255024
960	0.5015079075
961	0.5015077063
962	0.5013978139
963	0.5011579648
964	0.5011577688
965	0.5011575736
966	0.5011573792
967	0.500947625
968	0.5009474343
969	0.5007482611
970	0.5003543174
971	0.5003541329
972	0.5000175789
973	0.5000173982
974	0.5000172182
975	0.5000170388
976	0.5000159167
977	0.4999113996
978	0.4999112226
979	0.4999110462
980	0.4997217203
981	0.4994559213
982	0.4990470099
983	0.499046838
984	0.4990466667
985	0.499046496
986	0.499046326
987	0.4985879479
988	0.4982504565
989	0.4982502916
990	0.4982501273
991	0.4980556067
992	0.4980554456
993	0.4980552852
994	0.4980551259
995	0.4979079181
996	0.4977061432
997	0.4972268093
998	0.4970589368
999	0.4970587799
1000	0.4969571383
1001	0.4967315329
1002	0.4963839646
1003	0.4963549995
1004	0.4959243312
1005	0.4959241785
1006	0.4959240263
1007	0.4954212086
1008	0.4951252628
1009	0.4951236091
1010	0.4951234601
1011	0.4951233116
1012	0.4950456981
1013	0.4950455503
1014	0.494857212
1015	0.4948570658
1016	0.4947320452
1017	0.4945473654
1018	0.4940021822
1019	0.4936930509
1020	0.4935033791
1021	0.4935032401
1022	0.4935031015
1023	0.4935029634
1024	0.4931726204
1025	0.4931040333
1026	0.4928188017
1027	0.4926565352
1028	0.4926564016
1029	0.4926562684
1030	0.4925764367
1031	0.4924995062
1032	0.4922284765
1033	0.4922283473
1034	0.4922282186
1035	0.4920237506
1036	0.4917339875
1037	0.4915440533
1038	0.4910963059
1039	0.4908421434
1040	0.4906594576
1041	0.4906593353
1042	0.4905802211
1043	0.4903552958
1044	0.4903551756
1045	0.4903550559
1046	0.4901108653
1047	0.4901107483
1048	0.4901106317
1049	0.4901105156
1050	0.4899495445
1051	0.4899494295
1052	0.4899493151
1053	0.489949201
1054	0.4898292128
1055	0.4896505279
1056	0.4894242284
1057	0.4893503475
1058	0.489063192
1059	0.4890630833
1060	0.489062975
1061	0.4890628672
1062	0.4889844207
1063	0.4887847826
1064	0.4887846761
1065	0.4883389366
1066	0.4883388328
1067	0.4881751183
1068	0.488175015
1069	0.4881749125
1070	0.4881748099
1071	0.4881747079
1072	0.4881746067
1073	0.4879785042
1074	0.4876974761
1075	0.4876973781
1076	0.4876838872
1077	0.4873000003
1078	0.4872999023
1079	0.4872998048
1080	0.4871233534
1081	0.487123258
1082	0.4870027856
1083	0.4867270797
1084	0.4867269876
1085	0.4867268958
1086	0.4867268045
1087	0.4867267134
1088	0.4865609419
1089	0.486560853
1090	0.4863516088
1091	0.4861768971
1092	0.4859549054
1093	0.4855914598
1094	0.4854732134
1095	0.485473131
1096	0.4854730489
1097	0.4852215983
1098	0.4848911668
1099	0.4847929164
1100	0.4847928371
1101	0.4847927582
1102	0.4847875492
1103	0.4845188526
1104	0.4843156162
1105	0.4841451597
1106	0.4841450858
1107	0.4837850526
1108	0.483474106
1109	0.4834740317
1110	0.4834739571
1111	0.4834738829
1112	0.4834148823
1113	0.4834148084
1114	0.4831196496
1115	0.4831195768
1116	0.482877452
1117	0.4825909728
1118	0.4824418079
1119	0.4823360444
1120	0.4823359772
1121	0.4823359102
1122	0.4823358435
1123	0.482335777
1124	0.4823357108
1125	0.4823356448
1126	0.482335579
1127	0.4821594581
1128	0.4821593927
1129	0.4819156302
1130	0.4819152672
1131	0.4819152032
1132	0.4817605822
1133	0.4817605191
1134	0.4815898341
1135	0.4813832232
1136	0.4813831612
1137	0.4813821878
1138	0.4813821263
1139	0.4809711942
1140	0.4809016665
1141	0.4808193399
1142	0.4806760717
1143	0.480417644
1144	0.4804175814
1145	0.4803435376
1146	0.4799863354
1147	0.4799862736
1148	0.4799862119
1149	0.4799861503
1150	0.4799822908
1151	0.4797639108
1152	0.479763851
1153	0.4797637915
1154	0.4797637322
1155	0.4797636732
1156	0.4794147935
1157	0.4792358499
1158	0.4792357915
1159	0.4790411215
1160	0.4790410639
1161	0.4790410064
1162	0.4790409492
1163	0.4790408925
1164	0.4788764704
1165	0.4788764158
1166	0.4788763613
1167	0.4785542877
1168	0.4783555805
1169	0.4779840156
1170	0.4777369954
1171	0.4777369437
1172	0.4777368925
1173	0.4772092703
1174	0.4771209823
1175	0.4768621797
1176	0.4766982073
1177	0.4766981563
1178	0.4765384093
1179	0.476465123
1180	0.4760834997
1181	0.4759211008
1182	0.4759210522
1183	0.4757628324
1184	0.4757627851
1185	0.475762738
1186	0.4754310495
1187	0.4751521376
1188	0.4751520912
1189	0.4748931985
1190	0.4746350895
1191	0.4746350443
1192	0.4742360321
1193	0.4739625638
1194	0.4737684771
1195	0.4737684338
1196	0.4737683908
1197	0.4735967082
1198	0.4734077006
1199	0.4734076597
1200	0.4732232559
1201	0.4732232153
1202	0.4732231749
1203	0.4732219438
1204	0.4729468523
1205	0.4728553848
1206	0.4727208378
1207	0.4727207989
1208	0.4727207601
1209	0.4727207214
1210	0.4727206831
1211	0.4727206449
1212	0.4726555372
1213	0.4725645114
1214	0.472483145
1215	0.4724831072
1216	0.4721066135
1217	0.472106577
1218	0.4721065405
1219	0.4721065042
1220	0.4721064679
1221	0.4717551816
1222	0.4716807719
1223	0.4716807357
1224	0.4715378021
1225	0.4715377663
1226	0.4715377307
1227	0.4714325922
1228	0.471432557
1229	0.4709995093
1230	0.4708111929
1231	0.4708111576
1232	0.4707069147
1233	0.4707068799
1234	0.470634633
1235	0.4702225431
1236	0.4702225083
1237	0.4698810698
1238	0.4695802179
1239	0.4695801842
1240	0.469389987
1241	0.4692741988
1242	0.4692741656
1243	0.4692741325
1244	0.4691342584
1245	0.4691342304
1246	0.4689881027
1247	0.4689842705
1248	0.4688407599
1249	0.4688333593
1250	0.4688333275
1251	0.4684264159
1252	0.4682992681
1253	0.4681545066
1254	0.4681544758
1255	0.4679822647
1256	0.4679822343
1257	0.4677043292
1258	0.4677042992
1259	0.4677042694
1260	0.4676185585
1261	0.4673600876
1262	0.4673600697
1263	0.4673600413
1264	0.4671109126
1265	0.4670706199
1266	0.4668931129
1267	0.4666904771
1268	0.4666904511
1269	0.4666904252
1270	0.4666903993
1271	0.4206672371
1272	0.4205365272
1273	0.4205364298
1274	0.4205363328
1275	0.4204720761
1276	0.4200344871
1277	0.419765171
1278	0.4197521629
1279	0.4196620498
1280	0.4192311768
1281	0.4192310799
1282	0.419033347
1283	0.4189176449
1284	0.41891755
1285	0.4189174555
1286	0.4189173613
1287	0.4187385382
1288	0.4182223351
1289	0.4178391045
1290	0.4178390087
1291	0.4173243862
1292	0.4173242859
1293	0.4172105417
1294	0.4172104432
1295	0.4171244253
1296	0.4168270204
1297	0.4167275765
1298	0.4165515696
1299	0.4162037556
1300	0.4162036627
1301	0.4160373007
1302	0.4160372087
1303	0.41603711304	0.4633499593
1305	0.4631133507
1306	0.4627401955
1307	0.4627378034
1308	0.4624819697
1309	0.462481949
1310	0.4621595429
1311	0.4618637265
1312	0.4617992645
1311313	0.4148511696
1314	0.4147614231
1315	0.414413511311316	0.414044071311317	0.413771761311318	0.4136441319	0.4605578143
1320	0.4603972665
1321	0.460087348
1322	0.4600873431
1323	0.4600873212
1324	0.4600873026
1325	0.4600872801
1326	0.4600872577
1327	0.4600872353
1328	0.4597832859
1329	0.4597832651
1330	0.4596480272
1331	0.459648006
1332	0.4596479856
1333	0.4594474135
1334	0.4594473931
1335	0.4592365563
1336	0.4592365563
1337	0.4591583665
1338	0.4588763105
1339	0.4588762903
1340	0.4586328713
1341	0.4583531698
1342	0.4583531507
1343	0.4580796587
1344	0.4580796402
1345	0.4579706403
1346	0.4576378528
1347	0.4576378509
1348	0.4575046248
1349	0.4575046075
1350	0.4573690347
1351	0.4573069377
1352	0.4569587857
1353	0.4569587682
1354	0.4569587508
1355	0.4568310108
1356	0.4566036039
1357	0.4562229686
1358	0.4562229528
1359	0.4562229406
1360	0.4562229397
1361	0.4562229388
1362	0.4561242153
1363	0.4561242151
1364	0.4561242148
1365	0.4561242146
1366	0.4559933885
1367	0.4556174866
1368	0.4556174713
1369	0.4554848626
1370	0.4554848475
1371	0.4552543696
1372	0.4552543567
1373	0.4552095455
1374	0.4550876432
1375	0.4550134488
1376	0.4550134446
1377	0.4550134413
1378	0.455013431371379	0.454818711381380	0.454818711381381	0.454666091382	0.4080143508
1383	0.4079125161
1384	0.4075714676
1385	0.4075713989
1386	0.4075713304
1387	0.4072700643
1388	0.4072699949
1389	0.4071578669
1390	0.4070009949
1391	0.4070009285
1392	0.4069838861
1393	0.4068875858
1394	0.4068096924
1395	0.4068096283
1396	0.4066762075
1397	0.4063039215
1398	0.4063038554
1399	0.4059036607
1400	0.4059035944
1401	0.4059035284
1402	0.4059034626
1403	0.4058122254
1404	0.4055941904
1405	0.4055941252
1406	0.4055940604
1407	0.4055939958
1408	0.4055939314
1409	0.4055938673
1410	0.4053903579
1411	0.4053236044
1412	0.4050635546
1413	0.4050634901
1414	0.4050634259
1415	0.405063362
1416	0.4048907626
1417	0.4048906997
1418	0.404733732
1419	0.4046265796
1420	0.4043754683
1421	0.4042582507
1422	0.4042581907
1423	0.4041292689
1424	0.4036896477
1425	0.403390184
1426	0.4033901239
1427	0.4033900641
1428	0.4032920524
1429	0.4031448671
1430	0.4030307615
1431	0.4025740106
1432	0.4025000154
1433	0.4024996618
1434	0.4024405216
1435	0.4020445239
1436	0.4018492075
1437	0.4017251468
1438	0.4013866372
1439	0.4013284052
1440	0.4013283466
1441	0.4012333591
1442	0.4012333011
1443	0.4010373479
1444	0.4010372928
1445	0.4008177988
1446	0.4004519736
1447	0.4004519186
1448	0.4004518638
1449	0.4004487165
1450	0.4004486621
1451	0.4004486079
1452	0.4004485539
1453	0.4004485001
1454	0.4003553858
1455	0.4003553331
1456	0.4003552805
1457	0.4002511096
1458	0.4001903378
1459	0.4001902862
1460	0.4001186918
1461	0.4001141473
1462	0.4001140965
1463	0.4000931495
1464	0.4000930995
1465	0.4000191996
1466	0.3998117543
1467	0.3997399864
1468	0.3996684831
1469	0.3993711818
1470	0.3992680197
1471	0.3992679724
1472	0.3991620557
1473	0.3990908936
1474	0.3988032391
1475	0.3987697346
1476	0.3983716373
1477	0.398371593
1478	0.3983715487
1479	0.3983178825
1480	0.3982472291
1481	0.3981567133
1482	0.3980133704
1483	0.3980133288
1484	0.3977607778
1485	0.3975996632
1486	0.3975099487
1487	0.3975099076
1488	0.3975098667
1489	0.3973583317
1490	0.3973582914
1491	0.3972208148
1492	0.3972207745
1493	0.3970285599
1494	0.3969746938
1495	0.3969746539
1496	0.3969746142
1497	0.3969745746
1498	0.3969745351
1499	0.3968767655
1500	0.3964829483
1501	0.3964829082
1502	0.3963395531
1503	0.3959409512
1504	0.3957046981
1505	0.3956355055
1506	0.3955826492
1507	0.3955148849
1508	0.3954460138
1509	0.3954459736
1510	0.3954459336
1511	0.3953475999
1512	0.3953475603
1513	0.3950711533
1514	0.394989748
1515	0.3949897091
1516	0.3948922563
1517	0.3946123124
1518	0.394349388
1519	0.3941977785
1520	0.3941977408
1521	0.3940641599
1522	0.3937600178
1523	0.3935317006
1524	0.3935316646
1525	0.3934802302
1526	0.3933948421
1527	0.3932149652
1528	0.3932149302
1529	0.3932148954
1530	0.3929718958
1531	0.3927718324
1532	0.3927717978
1533	0.3926801078
1534	0.3926157922
1535	0.3924904983
1536	0.3923307736
1537	0.39233074
1538	0.3923307066
1539	0.3922470377
1540	0.3922470051
1541	0.3922469726
1542	0.3920202143
1543	0.3918867809
1544	0.3918867483
1545	0.3916989131
1546	0.3915357603
1547	0.3915357283
1548	0.3913312843
1549	0.3912637846
1550	0.3911740731
1551	0.3911740431
1552	0.3911727622
1553	0.3911727324
1554	0.3907498335
1555	0.3906441569
1556	0.3906441273
1557	0.3906440977
1558	0.3905588417
1559	0.3905327621
1560	0.3905327335
1561	0.3905327164
1562	0.3902637238
1563	0.3902636958
1564	0.3902097685
1565	0.3901541528
1566	0.390154125
1567	0.3899715476
1568	0.3899715206
1569	0.3899714937
1570	0.3897675817
1571	0.3896765045
1572	0.3895910284
1573	0.3895910026
1574	0.3895909768
1575	0.3895909512
1576	0.3895909256
1577	0.3895003528
1578	0.3895003276
1579	0.3894340279
1580	0.3891803869
1581	0.3889932109
1582	0.3889931855
1583	0.3888914159
1584	0.3888913913
1585	0.3888226965
1586	0.3888226725
1587	0.3888226485
1588	0.3887622155
1589	0.388762192
1590	0.3887621686
1591	0.3887143262
1592	0.388714303
1593	0.3885429267
1594	0.3885429042
1595	0.3883475731
1596	0.3881063577
1597	0.3878083084
1598	0.3875562828
1599	0.3875562589
1600	0.387556235
1601	0.3875562112
1602	0.3874674829
1603	0.3874674599
1604	0.3874674542
1605	0.3873721944
1606	0.3873721717
1607	0.3873721493
1608	0.3873154689
1609	0.3872180486
1610	0.3872180439
1611	0.3872180392
1612	0.3871297766
1613	0.3871297551
1614	0.3868635264
1615	0.3868635056
1616	0.3868634852
1617	0.386688093
1618	0.3865317246
1619	0.3865317031
1620	0.3865316917
1621	0.3863420809
1622	0.3863420597
1623	0.3863420585
1624	0.3860546071
1625	0.3860060834
1626	0.3860060617
1627	0.3859304641
1628	0.385866461
1629	0.3858664401
1630	0.3858656643
1631	0.3858656505
1632	0.3858656299
1633	0.3857662438
1634	0.3857662237
1635	0.3857662037
1636	0.3857661918
1637	0.3855941944
1638	0.3855941757
1639	0.385404415
1640	0.3854043372
1641	0.3853174282
1642	0.3852754731
1643	0.3852698366
1644	0.3852698177
1645	0.3852697989
1646	0.3852022413
1647	0.38512584
1648	0.3851256539
1649	0.3851256491
1650	0.3849428446
1651	0.3847363116
1652	0.384736294
1653	0.3847362765
1654	0.3844718244
1655	0.3843918593
1656	0.384323766
1657	0.3842460325
1658	0.383879003
1659	0.3837057042
1660	0.3837056869
1661	0.3837056696
1662	0.3836432052
1663	0.3836431883
1664	0.383460174
1665	0.3834601572
1666	0.3834601469
1667	0.3833933554
1668	0.383345529
1669	0.3833455202
1670	0.38334552
1671	0.3833455197
1672	0.3832833557
1673	0.3832112993
1674	0.3832112835
1675	0.3830362215
1676	0.3827332586
1677	0.3826715044
1678	0.3825480821
1679	0.3824236195
1680	0.382423604
1681	0.3824236007
1682	0.3824235974
1683	0.3824235819
1684	0.3824235665
1685	0.3823146602
1686	0.3820569357
1687	0.382055881
1688	0.3820558645
1689	0.382055848
1690	0.3819834874
1691	0.3819370004
1692	0.3818640202
1693	0.3818640044
1694	0.3818640022
1695	0.3817554096
1696	0.3814966772
1697	0.3811350991
1698	0.3811350921
1699	0.3811350921
1700	0.3808415224
1701	0.3807457393
1702	0.3806854171
1703	0.3806854015
1704	0.3806853982
1705	0.3806853949
1706	0.3806853916
1707	0.3806853761
1708	0.3806853679
1709	0.3806442578
1710	0.3804606799
1711	0.3804606791
1712	0.3802669566
1713	0.3802667029
1714	0.3801841616
1715	0.3801841592
1716	0.3801841568
1717	0.3801841418
1718	0.3801841319
1719	0.3801841302
1720	0.3801841154
1721	0.3801841033
1722	0.3801840954
1723	0.3799181613
1724	0.3796764668
1725	0.3795575732
1726	0.379557573
1727	0.3794875121
1728	0.3794069747
1729	0.3794069589
1730	0.3794069431
1731	0.3794069427
1732	0.3791294872
1733	0.3788902794
1734	0.3788323858
1735	0.3788323826
1736	0.3787357821
1737	0.3786559838
1738	0.3784789626
1739	0.3784789595
1740	0.3784337366
1741	0.3784337243
1742	0.3783228891
1743	0.3783228882
1744	0.3780981244
1745	0.37809812
1746	0.3780981177
1747	0.3780981154
1748	0.3780981131
1749	0.378098099
1750	0.3779298095
1751	0.3779298087
1752	0.3779298079
1753	0.3779298071
1754	0.3779298063
1755	0.3778579707
1756	0.3778579633
1757	0.3778579568
1758	0.3778579432
1759	0.377789783
1760	0.3775232026
1761	0.3775232007
1762	0.3775232005
1763	0.3773168874
1764	0.3773168852
1765	0.377316883
1766	0.3773168808
1767	0.3773136104
1768	0.3773136001
1769	0.3773135929
1770	0.3771020045
1771	0.3771019918
1772	0.3771019891
1773	0.3771019864
1774	0.3771019738
1775	0.3770575209
1776	0.3767476995
1777	0.376475606
1778	0.3762853949
1779	0.3762853809
1780	0.3761223507
1781	0.3761223465
1782	0.3761223429
1783	0.3761223393
1784	0.376122329
1785	0.3759766527
1786	0.3758097218
1787	0.3756503864
1788	0.3756503837
1789	0.375650381
1790	0.3755437523
1791	0.3755437464
1792	0.3755437338
1793	0.3753409197
1794	0.3753409068
1795	0.3752647469
1796	0.3751128127
1797	0.3751128125
1798	0.3748645704
1799	0.3748645702
46822
